{
	"credit": "Made by T4BlrUs",
	"textures": {
		"1": "ouo:friendly_faceoff/shadow",
		"particle": "ouo:friendly_faceoff/shadow"
	},
	"elements": [
		{
			"from": [0, 0, -4],
			"to": [2, 0.5, 14],
			"rotation": {"angle": 0, "axis": "x", "origin": [8, 0, 8]},
			"faces": {
				"north": {"uv": [0, 0, 1, 1], "rotation": 180, "texture": "#0"},
				"east": {"uv": [0, 0, 1, 9], "rotation": 90, "texture": "#0"},
				"south": {"uv": [0, 8, 1, 9], "texture": "#0"},
				"west": {"uv": [0, 0, 1, 9], "rotation": 270, "texture": "#0"},
				"up": {"uv": [0, 0, 1, 9], "texture": "#0"},
				"down": {"uv": [0, 9, 1, 0], "texture": "#0"}
			}
		},
		{
			"from": [2, 0, -4],
			"to": [4, 0.5, 16],
			"rotation": {"angle": 0, "axis": "x", "origin": [8, 0, 8]},
			"faces": {
				"north": {"uv": [1, 0, 2, 1], "rotation": 180, "texture": "#0"},
				"east": {"uv": [1, 0, 2, 10], "rotation": 90, "texture": "#0"},
				"south": {"uv": [1, 9, 2, 10], "texture": "#0"},
				"west": {"uv": [1, 0, 2, 10], "rotation": 270, "texture": "#0"},
				"up": {"uv": [1, 0, 2, 10], "texture": "#0"},
				"down": {"uv": [1, 10, 2, 0], "texture": "#0"}
			}
		},
		{
			"from": [4, 0, -4],
			"to": [6, 0.5, 18],
			"rotation": {"angle": 0, "axis": "x", "origin": [8, 0, 8]},
			"faces": {
				"north": {"uv": [2, 0, 3, 1], "rotation": 180, "texture": "#0"},
				"east": {"uv": [2, 0, 3, 11], "rotation": 90, "texture": "#0"},
				"south": {"uv": [2, 10, 3, 11], "texture": "#0"},
				"west": {"uv": [2, 0, 3, 11], "rotation": 270, "texture": "#0"},
				"up": {"uv": [2, 0, 3, 11], "texture": "#0"},
				"down": {"uv": [2, 11, 3, 0], "texture": "#0"}
			}
		},
		{
			"from": [6, 0, -4],
			"to": [8, 0.5, 20],
			"rotation": {"angle": 0, "axis": "x", "origin": [8, 0, 8]},
			"faces": {
				"north": {"uv": [3, 0, 4, 1], "rotation": 180, "texture": "#0"},
				"east": {"uv": [3, 0, 4, 12], "rotation": 90, "texture": "#0"},
				"south": {"uv": [3, 11, 4, 12], "texture": "#0"},
				"west": {"uv": [3, 0, 4, 12], "rotation": 270, "texture": "#0"},
				"up": {"uv": [3, 0, 4, 12], "texture": "#0"},
				"down": {"uv": [3, 12, 4, 0], "texture": "#0"}
			}
		},
		{
			"from": [8, 0, -4],
			"to": [16, 0.5, 4],
			"rotation": {"angle": 0, "axis": "x", "origin": [8, 0, 8]},
			"faces": {
				"north": {"uv": [4, 0, 8, 1], "rotation": 180, "texture": "#0"},
				"east": {"uv": [7, 0, 8, 4], "rotation": 90, "texture": "#0"},
				"south": {"uv": [4, 3, 8, 4], "texture": "#0"},
				"west": {"uv": [4, 0, 5, 4], "rotation": 270, "texture": "#0"},
				"up": {"uv": [4, 0, 8, 4], "texture": "#0"},
				"down": {"uv": [4, 4, 8, 0], "texture": "#0"}
			}
		},
		{
			"from": [0, -0.8, -4],
			"to": [2, -0.6, 14],
			"rotation": {"angle": 0, "axis": "x", "origin": [8, 0, 8]},
			"faces": {
				"north": {"uv": [0, 0, 1, 1], "rotation": 180, "texture": "#1"},
				"east": {"uv": [0, 0, 1, 9], "rotation": 90, "texture": "#1"},
				"south": {"uv": [0, 8, 1, 9], "texture": "#1"},
				"west": {"uv": [0, 0, 1, 9], "rotation": 270, "texture": "#1"},
				"up": {"uv": [0, 0, 1, 9], "texture": "#1"},
				"down": {"uv": [0, 9, 1, 0], "texture": "#1"}
			}
		},
		{
			"from": [2, -0.8, -4],
			"to": [4, -0.6, 16],
			"rotation": {"angle": 0, "axis": "x", "origin": [8, 0, 8]},
			"faces": {
				"north": {"uv": [1, 0, 2, 1], "rotation": 180, "texture": "#1"},
				"east": {"uv": [1, 0, 2, 10], "rotation": 90, "texture": "#1"},
				"south": {"uv": [1, 9, 2, 10], "texture": "#1"},
				"west": {"uv": [1, 0, 2, 10], "rotation": 270, "texture": "#1"},
				"up": {"uv": [1, 0, 2, 10], "texture": "#1"},
				"down": {"uv": [1, 10, 2, 0], "texture": "#1"}
			}
		},
		{
			"from": [4, -0.8, -4],
			"to": [6, -0.6, 18],
			"rotation": {"angle": 0, "axis": "x", "origin": [8, 0, 8]},
			"faces": {
				"north": {"uv": [2, 0, 3, 1], "rotation": 180, "texture": "#1"},
				"east": {"uv": [2, 0, 3, 11], "rotation": 90, "texture": "#1"},
				"south": {"uv": [2, 10, 3, 11], "texture": "#1"},
				"west": {"uv": [2, 0, 3, 11], "rotation": 270, "texture": "#1"},
				"up": {"uv": [2, 0, 3, 11], "texture": "#1"},
				"down": {"uv": [2, 11, 3, 0], "texture": "#1"}
			}
		},
		{
			"from": [6, -0.8, -4],
			"to": [8, -0.6, 20],
			"rotation": {"angle": 0, "axis": "x", "origin": [8, 0, 8]},
			"faces": {
				"north": {"uv": [3, 0, 4, 1], "rotation": 180, "texture": "#1"},
				"east": {"uv": [3, 0, 4, 12], "rotation": 90, "texture": "#1"},
				"south": {"uv": [3, 11, 4, 12], "texture": "#1"},
				"west": {"uv": [3, 0, 4, 12], "rotation": 270, "texture": "#1"},
				"up": {"uv": [3, 0, 4, 12], "texture": "#1"},
				"down": {"uv": [3, 12, 4, 0], "texture": "#1"}
			}
		},
		{
			"from": [8, -0.8, -4],
			"to": [16, -0.6, 4],
			"rotation": {"angle": 0, "axis": "x", "origin": [8, 0, 8]},
			"faces": {
				"north": {"uv": [4, 0, 8, 1], "rotation": 180, "texture": "#1"},
				"east": {"uv": [7, 0, 8, 4], "rotation": 90, "texture": "#1"},
				"south": {"uv": [4, 3, 8, 4], "texture": "#1"},
				"west": {"uv": [4, 0, 5, 4], "rotation": 270, "texture": "#1"},
				"up": {"uv": [4, 0, 8, 4], "texture": "#1"},
				"down": {"uv": [4, 4, 8, 0], "texture": "#1"}
			}
		}
	],
	"gui_light": "front",
	"display": {
		"thirdperson_righthand": {
			"rotation": [94.25, -180, 0],
			"translation": [-1.25, 2.75, 5.75],
			"scale": [0.55, 0.55, 0.55]
		},
		"thirdperson_lefthand": {
			"rotation": [94.25, -180, 0],
			"translation": [-1.25, 2.75, 5.75],
			"scale": [0.55, 0.55, 0.55]
		},
		"firstperson_righthand": {
			"rotation": [46, 165, -8],
			"translation": [3.88, 5.7, 1.13],
			"scale": [0.68, 0.68, 0.68]
		},
		"firstperson_lefthand": {
			"rotation": [46, 165, -8],
			"translation": [3.88, 5.7, 1.13],
			"scale": [0.68, 0.68, 0.68]
		},
		"ground": {
			"translation": [0, 2, 0],
			"scale": [0.5, 0.5, 0.5]
		},
		"gui": {
			"rotation": [90, -180, 0]
		},
		"head": {
			"translation": [0, -11.2, 0],
			"scale": [3.2, 4, 3.2]
		},
		"fixed": {
			"rotation": [90, -180, -180],
			"translation": [0, 0, -8]
		}
	},
	"groups": [
		{
			"name": "group",
			"origin": [8, 8, 8],
			"color": 0,
			"children": [0, 1, 2, 3, 4]
		},
		{
			"name": "shadow",
			"origin": [8, 8, 8],
			"color": 0,
			"children": [5, 6, 7, 8, 9]
		}
	]
}