{
	"credit": "Made by T4Bl3rUs",
	"elements": [
		{
			"from": [0, 0, 0],
			"to": [2, 0.5, 16],
			"rotation": {"angle": 0, "axis": "y", "origin": [8, 0, 8]},
			"faces": {
				"north": {"uv": [0, 8, 1, 9], "rotation": 180, "texture": "#0"},
				"east": {"uv": [1, 8, 2, 16], "rotation": 90, "texture": "#0"},
				"south": {"uv": [0, 15, 1, 16], "texture": "#0"},
				"west": {"uv": [0, 8, 1, 16], "rotation": 270, "texture": "#0"},
				"up": {"uv": [0, 8, 1, 16], "texture": "#0"},
				"down": {"uv": [0, 16, 1, 8], "texture": "#0"}
			}
		},
		{
			"from": [2, 0, 2],
			"to": [4, 0.5, 16],
			"rotation": {"angle": 0, "axis": "y", "origin": [8, 0, 8]},
			"faces": {
				"north": {"uv": [1, 9, 2, 10], "rotation": 180, "texture": "#0"},
				"east": {"uv": [1, 9, 2, 16], "rotation": 90, "texture": "#0"},
				"south": {"uv": [1, 15, 2, 16], "texture": "#0"},
				"west": {"uv": [1, 9, 2, 16], "rotation": 270, "texture": "#0"},
				"up": {"uv": [1, 9, 2, 16], "texture": "#0"},
				"down": {"uv": [1, 16, 2, 9], "texture": "#0"}
			}
		},
		{
			"from": [4, 0, 4],
			"to": [6, 0.5, 16],
			"rotation": {"angle": 0, "axis": "y", "origin": [8, 0, 8]},
			"faces": {
				"north": {"uv": [2, 10, 3, 11], "rotation": 180, "texture": "#0"},
				"east": {"uv": [2, 10, 3, 16], "rotation": 90, "texture": "#0"},
				"south": {"uv": [2, 15, 3, 16], "texture": "#0"},
				"west": {"uv": [2, 10, 3, 16], "rotation": 270, "texture": "#0"},
				"up": {"uv": [2, 10, 3, 16], "texture": "#0"},
				"down": {"uv": [2, 16, 3, 10], "texture": "#0"}
			}
		},
		{
			"from": [6, 0, 6],
			"to": [8, 0.5, 16],
			"rotation": {"angle": 0, "axis": "y", "origin": [8, 0, 8]},
			"faces": {
				"north": {"uv": [3, 11, 4, 12], "rotation": 180, "texture": "#0"},
				"east": {"uv": [3, 11, 4, 16], "rotation": 90, "texture": "#0"},
				"south": {"uv": [3, 15, 4, 16], "texture": "#0"},
				"west": {"uv": [3, 11, 4, 16], "rotation": 270, "texture": "#0"},
				"up": {"uv": [3, 11, 4, 16], "texture": "#0"},
				"down": {"uv": [3, 16, 4, 11], "texture": "#0"}
			}
		},
		{
			"from": [8, 0, 6],
			"to": [10, 0.5, 16],
			"rotation": {"angle": 0, "axis": "y", "origin": [8, 0, 8]},
			"faces": {
				"north": {"uv": [4, 11, 5, 12], "rotation": 180, "texture": "#0"},
				"east": {"uv": [4, 11, 5, 16], "rotation": 90, "texture": "#0"},
				"south": {"uv": [4, 15, 5, 16], "texture": "#0"},
				"west": {"uv": [4, 11, 5, 16], "rotation": 270, "texture": "#0"},
				"up": {"uv": [4, 11, 5, 16], "texture": "#0"},
				"down": {"uv": [4, 16, 5, 11], "texture": "#0"}
			}
		},
		{
			"from": [10, 0, 4],
			"to": [12, 0.5, 16],
			"rotation": {"angle": 0, "axis": "y", "origin": [8, 0, 8]},
			"faces": {
				"north": {"uv": [5, 10, 6, 11], "rotation": 180, "texture": "#0"},
				"east": {"uv": [5, 10, 6, 16], "rotation": 90, "texture": "#0"},
				"south": {"uv": [5, 15, 6, 16], "texture": "#0"},
				"west": {"uv": [5, 10, 6, 16], "rotation": 270, "texture": "#0"},
				"up": {"uv": [5, 10, 6, 16], "texture": "#0"},
				"down": {"uv": [5, 16, 6, 10], "texture": "#0"}
			}
		},
		{
			"from": [12, 0, 2],
			"to": [14, 0.5, 16],
			"rotation": {"angle": 0, "axis": "y", "origin": [8, 0, 8]},
			"faces": {
				"north": {"uv": [6, 9, 7, 10], "rotation": 180, "texture": "#0"},
				"east": {"uv": [6, 9, 7, 16], "rotation": 90, "texture": "#0"},
				"south": {"uv": [6, 15, 7, 16], "texture": "#0"},
				"west": {"uv": [6, 9, 7, 16], "rotation": 270, "texture": "#0"},
				"up": {"uv": [6, 9, 7, 16], "texture": "#0"},
				"down": {"uv": [6, 16, 7, 9], "texture": "#0"}
			}
		},
		{
			"from": [14, 0, 0],
			"to": [16, 0.5, 16],
			"rotation": {"angle": 0, "axis": "y", "origin": [8, 0, 8]},
			"faces": {
				"north": {"uv": [7, 8, 8, 9], "rotation": 180, "texture": "#0"},
				"east": {"uv": [7, 8, 8, 16], "rotation": 90, "texture": "#0"},
				"south": {"uv": [7, 15, 8, 16], "texture": "#0"},
				"west": {"uv": [7, 8, 8, 16], "rotation": 270, "texture": "#0"},
				"up": {"uv": [7, 8, 8, 16], "texture": "#0"},
				"down": {"uv": [7, 16, 8, 8], "texture": "#0"}
			}
		}
	],
	"gui_light": "front",
	"display": {
		"thirdperson_righthand": {
			"rotation": [94.25, -180, 0],
			"translation": [-1.25, 2.75, 5.75],
			"scale": [0.55, 0.55, 0.55]
		},
		"thirdperson_lefthand": {
			"rotation": [94.25, -180, 0],
			"translation": [-1.25, 2.75, 5.75],
			"scale": [0.55, 0.55, 0.55]
		},
		"firstperson_righthand": {
			"rotation": [46, 165, -8],
			"translation": [3.88, 5.7, 1.13],
			"scale": [0.68, 0.68, 0.68]
		},
		"firstperson_lefthand": {
			"rotation": [46, 165, -8],
			"translation": [3.88, 5.7, 1.13],
			"scale": [0.68, 0.68, 0.68]
		},
		"ground": {
			"translation": [0, 2, 0],
			"scale": [0.5, 0.5, 0.5]
		},
		"gui": {
			"rotation": [90, -180, 0]
		},
		"head": {
			"translation": [0, -11.2, 0],
			"scale": [3.2, 4, 3.2]
		},
		"fixed": {
			"rotation": [90, -180, -180],
			"translation": [0, 0, -8]
		}
	},
	"groups": [
		{
			"name": "group",
			"origin": [8, 8, 8],
			"children": [0, 1, 2, 3, 4, 5, 6, 7]
		}
	]
}