{
    "providers": [
        {
            "type": "space",
            "advances": {
                "\ue100": 0,

                "\ue101": 1,"\ue102": 2,"\ue103": 3,"\ue104": 4,"\ue105": 5,
                "\ue106": 6,"\ue107": 7,"\ue108": 8,"\ue109": 9,"\ue10a": 10,
                "\ue10b": 20,"\ue10c": 30,"\ue10d": 50,"\ue10e": 100,
                "\ue10f": 200,"\ue110": 300,"\ue111": 500,"\ue112": 1000,

                "\ue201": -1,"\ue202": -2,"\ue203": -3,"\ue204": -4,"\ue205": -5,
                "\ue206": -6,"\ue207": -7,"\ue208": -8,"\ue209": -9,"\ue20a": -10,
                "\ue20b": -20,"\ue20c": -30,"\ue20d": -50,"\ue20e": -100,
                "\ue20f": -200,"\ue210": -300,"\ue211": -500,"\ue212": -1000,

                ".": -1,
                "-": -29
            }
        },
        {
            "type": "bitmap",
            "file": "ouo:font/minigame/_namesheet_en_us.png",
            "height": 4,
            "ascent": 2,
            "chars": [
                "\ue000\ue001\ue002\ue003\ue004\ue005",
                "\ue006\ue007\ue008\ue009\ue00a\ue00b",
                "\ue00c\ue00d\ue00e\ue00f\ue010\ue011",
                "\ue012\ue013\ue014\ue015\ue016\ue017",
                "\ue018\ue019\u0000\u0000\u0000\u0000"
            ]
        },
        {
            "type": "bitmap",
            "file": "ouo:font/minigame/_namesheet_zh_cn.png",
            "height": 4,
            "ascent": 2,
            "chars": [
                "\ue300\ue301\ue302\ue303\ue304\ue305",
                "\ue306\ue307\ue308\ue309\ue30a\ue30b",
                "\ue30c\ue30d\ue30e\ue30f\ue310\ue311",
                "\ue312\ue313\ue314\ue315\ue316\ue317",
                "\ue318\ue319\u0000\u0000\u0000\u0000"
            ]
        },
        {
            "type": "bitmap",
            "file": "ouo:font/minigame/_namesheet_es_es.png",
            "height": 4,
            "ascent": 2,
            "chars": [
                "\ue400\ue401\ue402\ue403\ue404\ue405",
                "\ue406\ue407\ue408\ue409\ue40a\ue40b",
                "\ue40c\ue40d\ue40e\ue40f\ue410\ue411",
                "\ue412\ue413\ue414\ue415\ue416\ue417",
                "\ue418\ue419\u0000\u0000\u0000\u0000"
            ]
        },
        {
            "type": "bitmap",
            "file": "ouo:font/minigame/_namesheet_de_de.png",
            "height": 4,
            "ascent": 2,
            "chars": [
                "\ue500\ue501\ue502\ue503\ue504\ue505",
                "\ue506\ue507\ue508\ue509\ue50a\ue50b",
                "\ue50c\ue50d\ue50e\ue50f\ue510\ue511",
                "\ue512\ue513\ue514\ue515\ue516\ue517",
                "\ue518\ue519\u0000\u0000\u0000\u0000"
            ]
        },
        {
            "type": "bitmap",
            "file": "ouo:font/minigame/_namesheet_fr_fr.png",
            "height": 4,
            "ascent": 2,
            "chars": [
                "\ue600\ue601\ue602\ue603\ue604\ue605",
                "\ue606\ue607\ue608\ue609\ue60a\ue60b",
                "\ue60c\ue60d\ue60e\ue60f\ue610\ue611",
                "\ue612\ue613\ue614\ue615\ue616\ue617",
                "\ue618\ue619\u0000\u0000\u0000\u0000"
            ]
        },
        {
            "type": "bitmap",
            "file": "ouo:font/minigame/_namesheet_nl_nl.png",
            "height": 4,
            "ascent": 2,
            "chars": [
                "\ue700\ue701\ue702\ue703\ue704\ue705",
                "\ue706\ue707\ue708\ue709\ue70a\ue70b",
                "\ue70c\ue70d\ue70e\ue70f\ue710\ue711",
                "\ue712\ue713\ue714\ue715\ue716\ue717",
                "\ue718\ue719\u0000\u0000\u0000\u0000"
            ]
        },
        {
            "type": "bitmap",
            "file": "ouo:font/minigame/_namesheet_tr_tr.png",
            "height": 4,
            "ascent": 2,
            "chars": [
                "\ue800\ue801\ue802\ue803\ue804\ue805",
                "\ue806\ue807\ue808\ue809\ue80a\ue80b",
                "\ue80c\ue80d\ue80e\ue80f\ue810\ue811",
                "\ue812\ue813\ue814\ue815\ue816\ue817",
                "\ue818\ue819\u0000\u0000\u0000\u0000"
            ]
        },
        {
            "type": "bitmap",
            "file": "ouo:font/minigame/_namesheet_ja_jp.png",
            "height": 4,
            "ascent": 2,
            "chars": [
                "\ue900\ue901\ue902\ue903\ue904\ue905",
                "\ue906\ue907\ue908\ue909\ue90a\ue90b",
                "\ue90c\ue90d\ue90e\ue90f\ue910\ue911",
                "\ue912\ue913\ue914\ue915\ue916\ue917",
                "\ue918\ue919\u0000\u0000\u0000\u0000"
            ]
        }
    ]
}