{
	"credit": "Made by T4Bl3rUs",
	"elements": [
		{
			"from": [8, 0, 8],
			"to": [10, 0.5, 10],
			"rotation": {"angle": 0, "axis": "y", "origin": [8, 0, 8]},
			"faces": {
				"north": {"uv": [4, 12, 5, 13], "rotation": 180, "texture": "#0"},
				"east": {"uv": [4, 12, 5, 13], "rotation": 90, "texture": "#0"},
				"south": {"uv": [4, 12, 5, 13], "texture": "#0"},
				"west": {"uv": [4, 12, 5, 13], "rotation": 270, "texture": "#0"},
				"up": {"uv": [4, 12, 5, 13], "texture": "#0"},
				"down": {"uv": [4, 13, 5, 12], "texture": "#0"}
			}
		},
		{
			"from": [8, 0, 10],
			"to": [12, 0.5, 12],
			"rotation": {"angle": 0, "axis": "y", "origin": [8, 0, 8]},
			"faces": {
				"north": {"uv": [4, 13, 6, 14], "rotation": 180, "texture": "#0"},
				"east": {"uv": [5, 13, 6, 14], "rotation": 90, "texture": "#0"},
				"south": {"uv": [4, 13, 6, 14], "texture": "#0"},
				"west": {"uv": [4, 13, 5, 14], "rotation": 270, "texture": "#0"},
				"up": {"uv": [4, 13, 6, 14], "texture": "#0"},
				"down": {"uv": [4, 14, 6, 13], "texture": "#0"}
			}
		},
		{
			"from": [8, 0, 12],
			"to": [14, 0.5, 14],
			"rotation": {"angle": 0, "axis": "y", "origin": [8, 0, 8]},
			"faces": {
				"north": {"uv": [4, 14, 7, 15], "rotation": 180, "texture": "#0"},
				"east": {"uv": [6, 14, 7, 15], "rotation": 90, "texture": "#0"},
				"south": {"uv": [4, 14, 7, 15], "texture": "#0"},
				"west": {"uv": [4, 14, 5, 15], "rotation": 270, "texture": "#0"},
				"up": {"uv": [4, 14, 7, 15], "texture": "#0"},
				"down": {"uv": [4, 15, 7, 14], "texture": "#0"}
			}
		},
		{
			"from": [8, 0, 14],
			"to": [16, 0.5, 16],
			"rotation": {"angle": 0, "axis": "y", "origin": [8, 0, 8]},
			"faces": {
				"north": {"uv": [4, 15, 8, 16], "rotation": 180, "texture": "#0"},
				"east": {"uv": [7, 15, 8, 16], "rotation": 90, "texture": "#0"},
				"south": {"uv": [4, 15, 8, 16], "texture": "#0"},
				"west": {"uv": [4, 15, 5, 16], "rotation": 270, "texture": "#0"},
				"up": {"uv": [4, 15, 8, 16], "texture": "#0"},
				"down": {"uv": [4, 16, 8, 15], "texture": "#0"}
			}
		},
		{
			"from": [0, 0, 0],
			"to": [8, 0.5, 16],
			"rotation": {"angle": 0, "axis": "y", "origin": [8, 0, 8]},
			"faces": {
				"north": {"uv": [0, 8, 4, 9], "rotation": 180, "texture": "#0"},
				"east": {"uv": [3, 8, 4, 16], "rotation": 90, "texture": "#0"},
				"south": {"uv": [0, 15, 4, 16], "texture": "#0"},
				"west": {"uv": [0, 8, 1, 16], "rotation": 270, "texture": "#0"},
				"up": {"uv": [0, 8, 4, 16], "texture": "#0"},
				"down": {"uv": [0, 16, 4, 8], "texture": "#0"}
			}
		}
	],
	"gui_light": "front",
	"display": {
		"thirdperson_righthand": {
			"rotation": [94.25, -180, 0],
			"translation": [-1.25, 2.75, 5.75],
			"scale": [0.55, 0.55, 0.55]
		},
		"thirdperson_lefthand": {
			"rotation": [94.25, -180, 0],
			"translation": [-1.25, 2.75, 5.75],
			"scale": [0.55, 0.55, 0.55]
		},
		"firstperson_righthand": {
			"rotation": [46, 165, -8],
			"translation": [3.88, 5.7, 1.13],
			"scale": [0.68, 0.68, 0.68]
		},
		"firstperson_lefthand": {
			"rotation": [46, 165, -8],
			"translation": [3.88, 5.7, 1.13],
			"scale": [0.68, 0.68, 0.68]
		},
		"ground": {
			"translation": [0, 2, 0],
			"scale": [0.5, 0.5, 0.5]
		},
		"gui": {
			"rotation": [90, -180, 0]
		},
		"head": {
			"translation": [0, -11.2, 0],
			"scale": [3.2, 4, 3.2]
		},
		"fixed": {
			"rotation": [90, -180, -180],
			"translation": [0, 0, -8]
		}
	},
	"groups": [
		{
			"name": "group",
			"origin": [8, 8, 8],
			"children": [0, 1, 2, 3, 4]
		}
	]
}