{
	"credit": "Made with Blockbench",
	"elements": [
		{
			"from": [12, 0, 8],
			"to": [20, 0.5, 16],
			"rotation": {"angle": 0, "axis": "y", "origin": [8, 0, 8]},
			"faces": {
				"north": {"uv": [12, 12, 16, 13], "rotation": 180, "texture": "#0"},
				"east": {"uv": [15, 12, 16, 16], "rotation": 90, "texture": "#0"},
				"south": {"uv": [12, 15, 16, 16], "texture": "#0"},
				"west": {"uv": [12, 12, 13, 16], "rotation": 270, "texture": "#0"},
				"up": {"uv": [12, 12, 16, 16], "texture": "#0"},
				"down": {"uv": [12, 16, 16, 12], "texture": "#0"}
			}
		},
		{
			"from": [-4, 0, 6],
			"to": [20, 0.5, 8],
			"rotation": {"angle": 0, "axis": "y", "origin": [8, 0, 8]},
			"faces": {
				"north": {"uv": [4, 11, 16, 12], "rotation": 180, "texture": "#0"},
				"east": {"uv": [15, 11, 16, 12], "rotation": 90, "texture": "#0"},
				"south": {"uv": [4, 11, 16, 12], "texture": "#0"},
				"west": {"uv": [4, 11, 5, 12], "rotation": 270, "texture": "#0"},
				"up": {"uv": [4, 11, 16, 12], "texture": "#0"},
				"down": {"uv": [4, 12, 16, 11], "texture": "#0"}
			}
		},
		{
			"from": [-2, 0, 4],
			"to": [20, 0.5, 6],
			"rotation": {"angle": 0, "axis": "y", "origin": [8, 0, 8]},
			"faces": {
				"north": {"uv": [5, 10, 16, 11], "rotation": 180, "texture": "#0"},
				"east": {"uv": [15, 10, 16, 11], "rotation": 90, "texture": "#0"},
				"south": {"uv": [5, 10, 16, 11], "texture": "#0"},
				"west": {"uv": [5, 10, 6, 11], "rotation": 270, "texture": "#0"},
				"up": {"uv": [5, 10, 16, 11], "texture": "#0"},
				"down": {"uv": [5, 11, 16, 10], "texture": "#0"}
			}
		},
		{
			"from": [0, 0, 2],
			"to": [20, 0.5, 4],
			"rotation": {"angle": 0, "axis": "y", "origin": [8, 0, 8]},
			"faces": {
				"north": {"uv": [6, 9, 16, 10], "rotation": 180, "texture": "#0"},
				"east": {"uv": [15, 9, 16, 10], "rotation": 90, "texture": "#0"},
				"south": {"uv": [6, 9, 16, 10], "texture": "#0"},
				"west": {"uv": [6, 9, 7, 10], "rotation": 270, "texture": "#0"},
				"up": {"uv": [6, 9, 16, 10], "texture": "#0"},
				"down": {"uv": [6, 10, 16, 9], "texture": "#0"}
			}
		},
		{
			"from": [2, 0, 0],
			"to": [20, 0.5, 2],
			"rotation": {"angle": 0, "axis": "y", "origin": [8, 0, 8]},
			"faces": {
				"north": {"uv": [7, 8, 16, 9], "rotation": 180, "texture": "#0"},
				"east": {"uv": [15, 8, 16, 9], "rotation": 90, "texture": "#0"},
				"south": {"uv": [7, 8, 16, 9], "texture": "#0"},
				"west": {"uv": [7, 8, 8, 9], "rotation": 270, "texture": "#0"},
				"up": {"uv": [7, 8, 16, 9], "texture": "#0"},
				"down": {"uv": [7, 9, 16, 8], "texture": "#0"}
			}
		}
	],
	"gui_light": "front",
	"display": {
		"thirdperson_righthand": {
			"rotation": [94.25, -180, 0],
			"translation": [-1.25, 2.75, 5.75],
			"scale": [0.55, 0.55, 0.55]
		},
		"thirdperson_lefthand": {
			"rotation": [94.25, -180, 0],
			"translation": [-1.25, 2.75, 5.75],
			"scale": [0.55, 0.55, 0.55]
		},
		"firstperson_righthand": {
			"rotation": [46, 165, -8],
			"translation": [3.88, 5.7, 1.13],
			"scale": [0.68, 0.68, 0.68]
		},
		"firstperson_lefthand": {
			"rotation": [46, 165, -8],
			"translation": [3.88, 5.7, 1.13],
			"scale": [0.68, 0.68, 0.68]
		},
		"ground": {
			"translation": [0, 2, 0],
			"scale": [0.5, 0.5, 0.5]
		},
		"gui": {
			"rotation": [90, -180, 0]
		},
		"head": {
			"translation": [0, -11.2, 0],
			"scale": [3.2, 4, 3.2]
		},
		"fixed": {
			"rotation": [90, -180, -180],
			"translation": [0, 0, -8]
		}
	},
	"groups": [
		{
			"name": "group",
			"origin": [8, 8, 8],
			"color": 0,
			"children": [0, 1, 2, 3, 4]
		}
	]
}